Date,Feature_or_Task,Files_Affected,Verification_Command,Prompt,Tools_Used,Dependencies,Env_Config_Changes,Status
2026-06-09,"Core Setup & Initial Architecture","Multiple (NestJS, Next.js, FastAPI, Streamlit, Docker)","docker-compose up -d","Initialize the ATE Intelligence v2 wafer optimization dashboard platform with backend, frontend, database docker containers, and Electron wrapper setup.","git, docker-compose","concurrently, cross-env, electron, electron-builder, prisma, wait-on, @nestjs/common, minio, ioredis","All initial environment variables in .env.example","Implemented"
2026-06-09,"Electron Packaging & Configs","package.json, electron-builder.yml, electron-builder.config.js","npm run dist","Configure Electron builder packaging with nsis target installer, portable targets, and code-signing bypass.","file_edit, npm run dist","None","None","Implemented"
2026-06-09,"Packaged App Env & Spawning Support","electron/main.ts, backend/src/main.ts","Local Run","Configure packaged application support to load external .env file next to application executable and spawn backend/frontend processes using process.execPath with ELECTRON_RUN_AS_NODE to support machines without global Node.","file_edit","None","Support loading external .env file next to executable","Implemented"
2026-06-09,"ASAR Packaging Fixes","electron/main.ts","Packaged App Run","Change asar packaging config to true and fix child process spawning issues inside Electron by using fork() to resolve internal modules within the ASAR archive.","file_edit","None","None","Implemented"
2026-06-09,"AI Wafer Segmentation & Models","ai wafer dashbooad/*, ai model/*","python train_unet.py","Add AI wafer defect classification and U-Net guided segmentation models (U-Net, PyTorch training, Grad-CAM, validation scripts) to the repository.","file_edit, python runs","numpy, opencv-python, torch, torchvision, streamlit, plotly, requests","None","Implemented"
2026-06-09,"STIL Log Parsing & Networking","backend/src/ate-dft/*, frontend/src/*","npm run build","Implement real data parsing for uploaded ATE/STIL logs and integrate network configurations into frontend yield analysis widgets.","file_edit, npm run build","None","None","Implemented"
2026-06-09,"Traceability Matrix & Guides","prompts_guide.md","Manual Verification","Create a structured prompt guide including Master blueprint and a Traceability Matrix mapping functional requirements to codebase components.","file_edit","None","None","Completed"
2026-06-09,"Prompt Ledger Integration","prompt_history_ledger.md","Git Log Mapping","Create an in-app ledger to log what prompts were added or modified in the code, pre-populating it with all past development prompts.","file_edit","None","None","Completed"
2026-06-09,"Verification Test & Ledger Demonstration","None (Audit Test Run)","npm run test","can i test it","run_command (npm run test), replace_file_content (prompt_history_ledger.md)","None","None","Verified"
2026-06-09,Ledger Auto-Update Script,scripts/log_prompt.js,node scripts/log_prompt.js,Build a script to automate logging to the CSV and MD ledgers,write_to_file,None,None,Verified
2026-06-16,Fix Next.js Build Prerender and Type Errors,"frontend/src/app/api/wafer-ai/predict/route.ts, frontend/src/app/dashboard/pattern-analysis/page.tsx, .gitignore",npm run build:frontend,https://github.com/suban-godugu/ATE-Intelligence-v.2.git check the and push all thig for this github,"replace_file_content, multi_replace_file_content, run_command",None,None,Verified
